380,0.8114474049570812,0.8188524825705872
381,0.812786931010593,0.8194750806079673
382,0.8070158201512735,0.8207337842882044
383,0.8147464612204071,0.8208097838355478
384,0.82869833125095,0.820937612232851
385,0.8335609281671057,0.8204692423902107
386,0.8239833823152275,0.8183714590967123
387,0.818580601492059,0.81605295238671
388,0.8244558649070078,0.8140274070075452
389,0.832062117410339,0.8110971138562765
390,0.8215697793089822,0.8084887976835304
391,0.822343724603186,0.8034656350442536
392,0.8148488042785267,0.7957135265549906
393,0.7911002762812328,0.7860826549112634
394,0.7835938584466776,0.7760564071121653
395,0.7810642242696096,0.7659677035847329
396,0.7688325337415638,0.7537488608530448
397,0.7678910775600816,0.7397696579282488
398,0.7393990216312546,0.724874173369449
399,0.7124167039120047,0.70813978185042
400,0.6890978535111983,0.6898655261109643
401,0.6735896653287564,0.672042291355879
402,0.6672500485805718,0.651904642025524
403,0.6411732239316849,0.6284549679010063
404,0.6223740735383992,0.6044072569657136
405,0.5981375109269883,0.5787562977754671
406,0.5713278518177503,0.552547458670203
407,0.5407349681866902,0.526651070835746
408,0.5237517549549534,0.5009472983034156
409,0.4815291184913532,0.4741423943613762
410,0.42931911240184134,0.4461849187995405
411,0.4081168697121775,0.4185172460734659
412,0.38312668970638214,0.3899755295275353
413,0.3462664350522934,0.36154489750241775
414,0.3239708863951509,0.33434488274330243
415,0.3035412655262401,0.30832360521062696
416,0.2715161061981661,0.2822977868046923
417,0.2478879151530365,0.25858039383821424
418,0.22615813304056562,0.2379617339723222
419,0.19424832534944,0.21798067823666803
420,0.1716780305502256,0.19909278491023563
421,0.16332763043102047,0.18239170807468705
422,0.1504158051965584,0.16668221857880236
423,0.13336447886593303,0.15216790080649983
424,0.12576822399418255,0.1398247165364311
425,0.12003921441346074,0.1287347586933772
426,0.10840103367736495,0.11907069684702191
427,0.09980828980989614,0.11165801609729216
428,0.09575028251906453,0.1056813006057041
429,0.08832854395688064,0.10026707673522645
430,0.08582649894170248,0.09577370758518239
431,0.08636834214713507,0.09238817436002834
432,0.08153854750722776,0.08954839247652097
433,0.08119720534523656,0.08722970422763891
434,0.08305811410349323,0.08574222512772516
435,0.0820272981764051,0.08476721583816206
436,0.0821142723738555,0.08414322204100869
437,0.08301526794589742,0.08405364330776148
438,0.08258148048862259,0.08407602782552387
439,0.08317149574157152,0.08408379610193875
440,0.08525889068023021,0.08450504275026596
441,0.08608884717865867,0.08492301810529979
442,0.08518315046644966,0.08526640947020067
443,0.08639037556176374,0.0857891940507665
444,0.0869848629581727,0.0862819182371959
445,0.0861622667081383,0.08676265871984037
446,0.08648486629335844,0.08740308939635266
447,0.08785724723213557,0.08801315061435634
448,0.08746683567074406,0.08854069711890436
449,0.08820898457700672,0.08910323821541465
450,0.0898690668848924,0.089848294479681
451,0.08950513517029635,0.09055193556348272
452,0.09022637518556462,0.09132899124714035
453,0.09218794063630699,0.09233852639362236
454,0.09232241401162662,0.09336733154584333
455,0.09317208824845036,0.0944337682870382
456,0.09452696362631306,0.09566819980048322
457,0.0963589944304452,0.096945728319607
458,0.09694499181878931,0.09820561141174898
459,0.09864069821303706,0.09968488238463132
460,0.10130529390536869,0.10122807622712164
461,0.10191694357667277,0.1026970928640294
462,0.10385379835005895,0.10439614324256981
463,0.10598330837241927,0.10614323156713897
464,0.10737191236386338,0.10796273982482986
465,0.10876731326702208,0.10988392684549682
466,0.11169419976353165,0.11197443875398094
467,0.11337428282291927,0.11408785354387985
468,0.11422319018992316,0.1162489425671629
469,0.11780816968973298,0.11867398491552637
470,0.11937841311698766,0.121051346838165
471,0.12181958749167639,0.1234891345971675
472,0.12517679974044962,0.12604535896351074
473,0.12830267044605134,0.12866263713719564
474,0.13034192006152054,0.1311964215019622
475,0.13372162925461425,0.13387699114735518
476,0.13829257880212506,0.13671932491577116
477,0.1395142271896382,0.1394899559136267
478,0.1425501247574568,0.14236766838557008
479,0.14571527785901212,0.14534881919065426
480,0.1480264858722957,0.14833817417530223
481,0.14970096523503001,0.15134393169183583
482,0.15358282750381388,0.15451637968842732
483,0.1568581967161627,0.15774844647515884
484,0.15936763465756648,0.16096509943664142
485,0.1625441001961378,0.16447529337466762
486,0.16653684956793927,0.16815540249015365
487,0.17001712451016934,0.17205136258428183
488,0.17338903319405516,0.17623968399147913
489,0.1779286400103931,0.1807872903373042
490,0.1822026310555873,0.1855291790126729
491,0.18654237322436365,0.19059525412014286
492,0.1921671362600311,0.19600073727957154
493,0.19775176148974677,0.20173735807460602
494,0.20415467927093503,0.20770627470976516
495,0.2108513069802552,0.21400352566301867
496,0.21791506042240658,0.22062754094301262
497,0.22471115763434382,0.22750281522690308
498,0.2328493233282127,0.2346197720609666
499,0.24044988204899628,0.2419838430809188
500,0.24859341212165528,0.24950834319276569
501,0.2560705990953263,0.25711021306149373
502,0.2644758888089713,0.2646881610125751
503,0.2727492623939651,0.2722284512161305
504,0.2810577542687494,0.2796892484033093
505,0.2889569835665402,0.28699785223475127
506,0.2970034385236467,0.29401334024434844
507,0.3050346379377345,0.30077963087488446
508,0.31177980952066753,0.3071985898626782
509,0.3178238985371555,0.3133149439447159
510,0.32395566003358617,0.3189655688709543
511,0.3298270182300891,0.3241502025542539
512,0.3343402151059725,0.3288241871859344
513,0.338081643472171,0.3329748218600423
514,0.3419442415070362,0.33654382656676046
515,0.34487779693856085,0.33948925762558785
516,0.3478159103258919,0.3419329680021761
517,0.3492352627025477,0.34386910752609556
518,0.35051876764345974,0.34528442876735316
519,0.351167523743957,0.34612924373542425
520,0.3512165036781581,0.34650196204560296
521,0.35053850912441914,0.34642951135194505
522,0.3492161038201459,0.34588760918016803
523,0.3484354651694907,0.3449132847038763
524,0.34686599139594765,0.3435000592564407
525,0.34518547865245,0.34175912750835846
526,0.3424992427511549,0.3396569061248998
527,0.33993098975865377,0.33722470755583756
528,0.33699488306730213,0.3344894428371477
529,0.3338157089303815,0.33151904087060213
530,0.3302629297941837,0.3283492760930338
531,0.32661752861435894,0.3249233883847482
532,0.3231212864813138,0.32131200825357786
533,0.31898544689158,0.31748503319916144
534,0.3146845452080233,0.31353160075294606
535,0.3101875328978104,0.3094545529092615
536,0.3059824796262355,0.3052728974409877
537,0.3016696321566208,0.30102561501932984
538,0.2970471495452062,0.29673486701158913
539,0.2926952894283927,0.2923737327287726
540,0.2877808528362044,0.28794370669216973
541,0.2831977560579239,0.2835078808837296
542,0.2787752721033859,0.27907243746846666
543,0.27427005104319346,0.2746810955187992
544,0.27010647260551485,0.270276295894229
545,0.2659017096780729,0.2658856461310713
546,0.2612005143721119,0.261553019928869
547,0.25667089593226966,0.25720794963764454
548,0.2524480597649776,0.2529233152689673
549,0.24815289397907925,0.24867374422420743
550,0.24431740365279914,0.2444610949978881
551,0.23991048525768288,0.24027046512508185
552,0.23580988570925449,0.23608606923542608
553,0.23205775651217164,0.23192979801205707
554,0.22751923506002592,0.2278263578580434
555,0.22351133730604622,0.22378193422612383
556,0.219454190386526,0.21979948654783227
557,0.21558553370859576,0.2158821341834599
558,0.21141060295109962,0.211961614379231
559,0.2073405342606783,0.20811051050081983
560,0.20355764132753784,0.20431595283064327
561,0.19964891206190638,0.20052995143138663
562,0.19600454145347662,0.19683273574139887
563,0.19271134459060352,0.19318256467563563
564,0.1893926085134939,0.18959889749012598
565,0.18550960658936577,0.18605916060274488
566,0.18214392708151536,0.18260511792152528
567,0.17889152065660618,0.17921362655925857
568,0.1752677355233221,0.17585041304020793
569,0.17206099971020958,0.17254849541382972
570,0.16875877131959718,0.1692834405124067
571,0.16569918260388147,0.16604404191387143
572,0.16248948039787936,0.16281963229426205
573,0.159599962732806,0.15969415974791742
574,0.15646816382667705,0.15659657287734152
575,0.15310943854177897,0.15354656034703243
576,0.15012014766623266,0.1505528758714597
577,0.1470287179321318,0.14759651504229063
578,0.14412036561257371,0.14471200960265354
579,0.14102646421935353,0.1418689154250875
580,0.13862751839419662,0.13906366042736593
581,0.13568012402287624,0.13629689326576983
582,0.13314133270197057,0.13357815915973204
583,0.13036246838973095,0.13096002689252081
584,0.12771558727267315,0.12840614101579012
585,0.12549118972504134,0.12590421614470979
586,0.12305276994039084,0.12346325539192539
587,0.12041065543205583,0.12109550658238602
588,0.11809845530886418,0.11875682240949227
589,0.1156871522361102,0.11650569077462523
590,0.11383745453361062,0.11428260248312731
591,0.11181185951527237,0.11213896142471638
592,0.10949984486592658,0.1100798295115836
593,0.10750595432080771,0.10804592664711968
594,0.10551023207626307,0.10607638583601921
595,0.1035472558007904,0.10421690234563045
596,0.10191314949987079,0.10245279133208544
597,0.09979500832950168,0.10079487505380678
598,0.09820785251356692,0.0991631083119473
599,0.09682860857568124,0.09758383395290891
600,0.09498264675808261,0.0961158657265084
601,0.09350965777388394,0.09470470399203096
602,0.09251840307622448,0.09339487994855498
603,0.09163679010568905,0.0921516560768507
604,0.09081840806193046,0.09096386399994509
605,0.08936095340571819,0.08988640686449191
606,0.08812274412969662,0.08886477688456319
607,0.08748032146991885,0.08787264744544955
608,0.08633852830364593,0.08696462165266267
609,0.08586287142412359,0.08613957623132557
610,0.08489889772522625,0.08534085804622119
611,0.08409626834628653,0.08452118176650444
612,0.08363315129770373,0.0836958721022727
613,0.08288340281463656,0.08292676651633785
614,0.08194666698897647,0.08224739749001904
615,0.08136225986627935,0.08157576074169785
616,0.08113397645382735,0.08096130937530772
617,0.08053763029965887,0.08033149752932477
618,0.07934164590993811,0.07974494276283242
619,0.07843876309845392,0.07918000078075069
620,0.07782436961669566,0.0785914479861533
621,0.07793220873491424,0.07803360287616859
622,0.07740577024510126,0.07753768188314342
623,0.07712175780779401,0.07705317441655514
624,0.07641569373437934,0.07654532749766059
625,0.07610057622784068,0.07602163217646125
626,0.07562213861506081,0.07557030115971469
627,0.0748048593787429,0.07517445336530845
628,0.07451572616486572,0.07485605342109358
629,0.07450785209359899,0.07448442197950017
630,0.07409464786745515,0.0741278730772695
631,0.07351627267040915,0.07375118789675102
632,0.07268220048166883,0.07337951706766854
633,0.07257168065873966,0.07299332714833322
634,0.07250104618236032,0.07266710040367594
635,0.0730483704534727,0.07238267536502249
636,0.07235773711101309,0.07212835144341828
637,0.07205753671164118,0.07185807341312393
638,0.07147148010001683,0.07160043560534465
639,0.07084063129814196,0.07134077190486215
640,0.07030772743781112,0.07115056291025618
641,0.07072873744520156,0.07095341775231272
642,0.07053848379894105,0.07075183864390726
643,0.07070086734080266,0.07047761466147641
644,0.07045368163918368,0.07023425482215936
645,0.07023008075076598,0.06994665951700561
646,0.06962131716317163,0.06969548029757779
647,0.06982906556257923,0.06948192194803998
648,0.06961450328958757,0.06929474546572827
649,0.0694773595562786,0.06900336372505836
650,0.0689350107170099,0.06878351311203736
651,0.06870733952125758,0.0684807293744338
652,0.0677436071343348,0.0681208648783238
653,0.0677037918085995,0.0677197032230689
654,0.06763725605507481,0.0673505231095071
655,0.06750008020313555,0.06692241944133086
656,0.06635801133515261,0.06655758878020016
657,0.06724072460362636,0.06616852491443406
658,0.06615911127674907,0.0657488651418407
659,0.06505571419753378,0.06529196600950496
660,0.06421265592194252,0.06498172604564212
661,0.0640836154597445,0.06465801915880731
662,0.06340751053993572,0.06436532594832216
663,0.06414204337262698,0.06401996659804918
664,0.06364140156978731,0.06372659674416313
665,0.06264011412810924,0.06333839878122456
666,0.061853852536221596,0.06305173346852087
667,0.06309000767639221,0.06293266459044654
668,0.06284818850607735,0.06291732892454895
669,0.0632468578977977,0.06291459983349985
670,0.062319689949040614,0.06294422402020375
671,0.06195746352686211,0.06290108879085929
672,0.061417755159547845,0.06294262893878645
673,0.06185913158619366,0.06304573926613347
674,0.06326968102641883,0.06325949561004553
675,0.06398262093347852,0.06334516050616562
676,0.06404267909400813,0.06348834471089257
677,0.06385187334049408,0.06362658581342114
678,0.06349501493246025,0.06382720761168971
679,0.06426450378869451,0.06412309711719315
680,0.06418676903831455,0.06438914912576717
681,0.06506019769490254,0.06460129919816805
682,0.06437498111819367,0.06472988604557295
683,0.06499595157698151,0.0647343551180613
684,0.06532047443572624,0.06465464573201
685,0.06532901692306924,0.06467071421092876
686,0.0663958061094137,0.06470486861567207
687,0.06540853528815804,0.06455732146856381
688,0.06504138267220687,0.06446633685317946
689,0.0651984837374924,0.06444567894278784
690,0.06404965702080391,0.06453870449481272
691,0.06284703830323848,0.06448526000980488
692,0.06409290052427556,0.06425237845485247
693,0.0640073310036098,0.06419402545498507
694,0.0620512965820708,0.0640819347211768
695,0.06282199980754904,0.06402790511699599
696,0.06475032903902836,0.06398630312909864
697,0.06577036439856683,0.0638555858372188
698,0.0641942843018641,0.0639887396375939
699,0.06182725111144004,0.06445494618706381
700,0.06445372192505817,0.06474969325877682
701,0.06471444510228958,0.06499558211659816
702,0.06459809122544578,0.0655712675478846
703,0.06441735285374675,0.06616010307576366
704,0.0632377243592948,0.06637985523054271
705,0.06604696402643041,0.0664846339425937
706,0.06984013654528705,0.06686324482912973
707,0.06851410659997074,0.06751109741557243
708,0.0676956638709299,0.0678820997473933
709,0.07068657805136747,0.0682427016840869
710,0.07165453272573491,0.06876070480704213
711,0.06804661136071416,0.06930345577062996
712,0.06734204507933177,0.06993868308194519
713,0.06987344759990438,0.07043032893336604
714,0.07154503990808064,0.07058132300150875
715,0.07001875690237112,0.07088289702846416
716,0.07012347415269349,0.07121602202247947
717,0.07236813806977445,0.07131668466222757
718,0.07255861730756402,0.07123541541049917
719,0.07276613402902314,0.07135913622534139
720,0.07342165179774328,0.07150690600981094
721,0.07210504756742796,0.07149526536971482
722,0.07303771700430182,0.0714291299499971
723,0.0726925387811593,0.07161489944923782
724,0.07219651764758923,0.07186835893462261
725,0.07043549394980875,0.07191978573276657
726,0.06990242358334733,0.07202437683367581
727,0.06955859184637503,0.07231893619151036
728,0.06969883799846274,0.07259320358584956
729,0.07055300861231482,0.07289900960026441
730,0.07280529939098211,0.07329844518646188
731,0.07392536643346531,0.07390183996382392
732,0.07313954004193371,0.07448461032787021
733,0.07412748382120243,0.07531058926851547
734,0.07718452439654143,0.07650991237057624
735,0.07753566271283123,0.07776442296299688
736,0.07669213778365094,0.07879637696664969
737,0.07902925079726393,0.07984675046562952
738,0.08174346044158995,0.08068610307900634
739,0.08093807310828335,0.08134848656073833
740,0.08282517805948766,0.08207004282123395
741,0.08789227011425904,0.08281859550569459
742,0.08837625073268454,0.08320524863118996
743,0.0851781480532548,0.08339298037083248
744,0.08630861109701243,0.0838716119842026
745,0.0853955885916343,0.08424410130627481
746,0.08386111865944522,0.08445248804499854
747,0.083962883949368,0.08477198031197265
748,0.08535577408811205,0.08496666053722116
749,0.08298432127897178,0.08464159280643917
750,0.08035163880746919,0.08417476056565848
