380,0.8510665367759933,0.8534914482227935
381,0.8490391800730934,0.8529414433669934
382,0.8428985667895229,0.8522584428857017
383,0.8531325601846683,0.8511679854807711
384,0.8707946053296652,0.8498425204332323
385,0.8589936304544042,0.8482540121077172
386,0.8552355553478715,0.8460467453034048
387,0.846770950827129,0.8435535360649388
388,0.8485414045205923,0.8391602715502061
389,0.8461114385540764,0.8339757115696868
390,0.8402634114314651,0.8287727102073272
391,0.8352624049103055,0.8209458396634087
392,0.8291919122015378,0.8094115716425188
393,0.8173522768473417,0.7978959179816785
394,0.8086486067264158,0.7854552800190934
395,0.7851675690550035,0.7740440280612926
396,0.7712707803653011,0.7606164420593087
397,0.7648535463541313,0.746382701609533
398,0.7357295020258907,0.7306555020748908
399,0.6977805850163165,0.7128432394467678
400,0.6862588255417988,0.6935430256217254
401,0.6686259859090949,0.6732898205287441
402,0.6756021714601184,0.650875472728541
403,0.6471276144908322,0.6269835281682694
404,0.6326053318074429,0.6023166772652463
405,0.6043554184118317,0.5762746627452586
406,0.5680784654884596,0.5494788072397547
407,0.5396887048259024,0.5237035231591459
408,0.513554200452622,0.497131511905136
409,0.4724333897233661,0.4696448080628625
410,0.426788400650933,0.43991819640208796
411,0.4012680168199528,0.41084244800311237
412,0.3742233285543165,0.3805771816209406
413,0.33379166944333305,0.35068932976219913
414,0.3111513238071845,0.322718240257603
415,0.28767865673165,0.2956956355805585
416,0.25632542827499244,0.2692758631167455
417,0.22970299654849957,0.24510290116823805
418,0.21099138850619872,0.2236410595459018
419,0.17862633607486691,0.20312973536735834
420,0.1560376405307097,0.18385213695884978
421,0.14851212291951674,0.1670233209869971
422,0.13434963467023645,0.15119407451062225
423,0.11725761349542568,0.13674455180310255
424,0.1098389604957547,0.12433797775686739
425,0.10486077631588912,0.11333189774464118
426,0.09359815414180149,0.10343450329778212
427,0.08505935242668732,0.09571486570513699
428,0.08135942986554348,0.08939415070166043
429,0.07371262666156098,0.08354715607504719
430,0.07093581611885476,0.07864339646065412
431,0.07022681758146523,0.07479528321006201
432,0.06461179636510646,0.0713884236176963
433,0.06253047180331249,0.06838680455049455
434,0.06283177218519029,0.0661133652127021
435,0.061226915478561295,0.06429965079544904
436,0.06080720352031792,0.0627648225388341
437,0.060793240454340695,0.06173967380560479
438,0.05953591473654384,0.060798210810021444
439,0.05873606661026919,0.059867594213620264
440,0.059836490307862804,0.05933706076223825
441,0.059496564074914715,0.05887688925433824
442,0.0578536361678915,0.058424007460825954
443,0.058337006016319366,0.05812301156178411
444,0.058335395663121396,0.05773722984796352
445,0.056813871185104454,0.05732271326927756
446,0.05626756863544741,0.057030016391773616
447,0.05665379459437639,0.05674163016492213
448,0.05562789918481234,0.05634216585474253
449,0.05603854528250598,0.05597124902629468
450,0.05671197699293362,0.055720531137228045
451,0.05502047781300912,0.05533418784897841
452,0.05457549177405146,0.05492260486670829
453,0.05514546157398459,0.054664752488416506
454,0.05441027320749675,0.05434686764250325
455,0.05384452565516892,0.05398788842575976
456,0.05393281164819688,0.053675660905513525
457,0.054092867831891996,0.053254057650941045
458,0.052541856692574905,0.05271890562234342
459,0.052161650929069554,0.05234044930374417
460,0.05294608551072764,0.05194058430976482
461,0.051499295946748576,0.05139357693390222
462,0.05126910634322406,0.05094123107536219
463,0.05094448638111885,0.05043766638359261
464,0.04971449646391872,0.049895835751037086
465,0.048684696563969385,0.04938822326942303
466,0.049343633034020354,0.04901803020323802
467,0.048577516864361125,0.04861626752541305
468,0.046940350936045525,0.04820036139593851
469,0.047625085329396445,0.048022965337257445
470,0.046291055278625134,0.04777760857746064
471,0.045805352159864074,0.047588776626479624
472,0.04647868060768102,0.047506734544737944
473,0.04698896069979989,0.04746452018358787
474,0.04613521076169499,0.04728630302237156
475,0.04670749356860944,0.047234027379781704
476,0.04883835506653265,0.047323909744321276
477,0.047588754946272085,0.04734669996310891
478,0.04811200711640353,0.0474704265567103
479,0.04848386523779349,0.04769178387379211
480,0.04805148114671837,0.047872047049864495
481,0.04667037561577554,0.04800509247589701
482,0.04779338222551345,0.04825143639703497
483,0.048288586404138995,0.048450697804075966
484,0.047966938611210985,0.04847760677550483
485,0.048146954182645973,0.048655273118679544
486,0.04912571191609116,0.04883226681930678
487,0.04918262824876691,0.04904454094746211
488,0.048984642090287585,0.04933957671493523
489,0.04983036957876429,0.04979765602614805
490,0.04969641467422456,0.05018247687068285
491,0.04924198963796568,0.050601285022210465
492,0.05025375009389265,0.05105665103294308
493,0.05076691262581207,0.051532470811416514
494,0.0516679771601235,0.05191421960539043
495,0.052477017658815045,0.05231404671671487
496,0.05354156528396792,0.052752182300201116
497,0.05356569489353535,0.05315634489712972
498,0.05457070867705334,0.05359130875365346
499,0.05479742877220015,0.05410645472383136
500,0.055284250859747544,0.05459672980566796
501,0.0548519438256999,0.05503269791024179
502,0.05518003491863341,0.055371809888578795
503,0.05555667584258139,0.055673705818842636
504,0.05589280853269327,0.05593283160434524
505,0.05622087252208073,0.05617181368847593
506,0.056969179190634045,0.05632647173027849
507,0.0576078763214417,0.056475336903398364
508,0.057306434194419595,0.05660046927503915
509,0.05675465683517855,0.05679523612553927
510,0.0570054566127726,0.05694815596790786
511,0.05742845206650708,0.05707500811379429
512,0.05715042615549571,0.057168851166760036
513,0.05689057930409169,0.05724276600124948
514,0.057030406368998275,0.05724113165498232
515,0.05716123643435925,0.05714601580721271
516,0.05777344658320174,0.057097424550385814
517,0.05747383255416226,0.05709592564100769
518,0.057459458030877916,0.05708179995468522
519,0.057300454327179416,0.05701100163175436
520,0.05732959503942231,0.0569639382625607
521,0.056944663996626704,0.056909403121395724
522,0.05618113860489751,0.05683349172233413
523,0.05657756534201618,0.05673257198914776
524,0.05673217319450663,0.056572075828116526
525,0.05679357131793574,0.05644707444313565
526,0.05636647722254418,0.056293810146192516
527,0.05644447561759061,0.056139270183181204
528,0.05607255218661712,0.05593549900632033
529,0.05589173538307438,0.055741536782333255
530,0.055647440436563805,0.055597624240142064
531,0.05536600416773316,0.055406232093922196
532,0.05559881177944913,0.05521008118211905
533,0.05516049357673088,0.054977987328636874
534,0.05498235488200972,0.054755888330049615
535,0.05427302738650929,0.05452230282996136
536,0.05403523063682047,0.054328003246578584
537,0.05402245047202964,0.05416431557272587
538,0.053706683148718196,0.05401738778926011
539,0.05378990951745951,0.05388768257290125
540,0.053312163515702934,0.053717830218478584
541,0.05303499224373538,0.053597676657040995
542,0.052940693116266785,0.05348888782105037
543,0.053158058435875524,0.053471036628204315
544,0.05343642027528367,0.05345989343218831
545,0.05344352368457725,0.05346247218076787
546,0.053420425922350405,0.053533114470666346
547,0.053051026463109205,0.053573433839275444
548,0.05335819015516698,0.053675034932630775
549,0.053350522342150354,0.05382324927537685
550,0.054005259493818396,0.05401696360937834
551,0.053868082696580354,0.05419492504397356
552,0.054061131700723145,0.0543756403840745
553,0.05476631749719531,0.054610476352399524
554,0.054394700046595884,0.05486721157387702
555,0.054836179916032936,0.05521359470187072
556,0.055258207384926455,0.05561141365377105
557,0.05584640812628923,0.05609077822388633
558,0.05582747995480372,0.05656006718817315
559,0.05614715037679784,0.05712015393572013
560,0.05696606320945265,0.057754782943682983
561,0.05727145424451293,0.05841222433402495
562,0.05824677338301458,0.05919616920917332
563,0.05932547443367197,0.06004533990210413
564,0.06054099089387959,0.06098382972301212
565,0.06104459395812065,0.06200100674070167
566,0.06226938390978514,0.0631798325564096
567,0.0635805668201659,0.06449293784240255
568,0.0646279383523248,0.0658923013601341
569,0.06615387317382126,0.06745205340613439
570,0.06757374030999527,0.06914630027694582
571,0.0693355546985463,0.07099439383075394
572,0.07110406339163242,0.07298106794649502
573,0.07350986719042261,0.07521240627592612
574,0.0758437296666922,0.07762700262698144
575,0.07795651597542604,0.08025055832104613
576,0.08066773493451707,0.08311029641127657
577,0.08366047644518607,0.08619820141119264
578,0.08704687774079373,0.08956165363212909
579,0.09034110262999585,0.09318349428461224
580,0.09451466889958723,0.09706169437298319
581,0.09848832917561491,0.10118906413286616
582,0.10293390223113609,0.10558847648579656
583,0.10752400970578127,0.11032691650568777
584,0.11247244817256248,0.11535947682515307
585,0.11802552362404209,0.12065527564576534
586,0.12366316448579376,0.12620637552046596
587,0.1292770647171965,0.13204806348740886
588,0.13542041358866716,0.13814042551796016
589,0.14183491496064798,0.1445174969086301
590,0.14903311627379437,0.15114265800696922
591,0.15615613972649653,0.15803820816420192
592,0.16309745875437012,0.16518522846727332
593,0.1703133758613028,0.17253759807043648
594,0.17796642213413935,0.180106268217334
595,0.1859000993578567,0.18791487317820782
596,0.1941444000356644,0.19592475412499874
597,0.2023113187062228,0.20411104513349704
598,0.21095726206427187,0.21237448853559054
599,0.21967775271863352,0.2207456172552911
600,0.22831106767148945,0.22927060650930411
601,0.23719321668925616,0.23789442797946822
602,0.24640613913030426,0.24660979060961397
603,0.255568627790531,0.2553390726631404
604,0.2646292800881221,0.2640810765886414
605,0.2729847673051969,0.2728246002840207
606,0.281723070522005,0.28150632116685875
607,0.29097229756456544,0.290084447900835
608,0.29967069791376466,0.2985557934700778
609,0.30869686158632514,0.3069153044106352
610,0.3168393301607534,0.31511081504814137
611,0.3252744589181793,0.3231047625323755
612,0.33346417413691276,0.3308860198821497
613,0.34118307530684255,0.3385098383202088
614,0.34834965372827653,0.3459500270045856
615,0.3553812512101317,0.35311104039642693
616,0.36258588079761633,0.36002167758622233
617,0.3693387986928982,0.3666297974204823
618,0.3754778400540425,0.37300619483345415
619,0.3813481403347355,0.37907991135300595
620,0.3873420438760838,0.3848552241192468
621,0.3933259007876561,0.3903692270707065
622,0.39838749844218496,0.3956605648156773
623,0.40333025576069625,0.40070435918129177
624,0.4078186591002246,0.4054666251323763
625,0.4124852913553316,0.4099392116348958
626,0.41638020671145587,0.4141768297049936
627,0.42009386563052525,0.41820955634162515
628,0.42389311957873765,0.4220375013079443
629,0.427719719902839,0.42560839058319583
630,0.4310381666943491,0.42895779792530647
631,0.4340198700638845,0.432099094878076
632,0.43642759623068983,0.43504372581404965
633,0.4390421111055087,0.4377731250014457
634,0.44183903988421025,0.4403684113516394
635,0.44476121837087096,0.4427896530571402
636,0.4468892399164296,0.4450360433759062
637,0.44862860857384385,0.44711507429593994
638,0.4504497100522396,0.4490411300565543
639,0.4519881231398287,0.4508163149945137
640,0.45342627916627254,0.4525300927568205
641,0.45530950196436115,0.45412461631697415
642,0.4564124912130366,0.45558362174342426
643,0.45758897436022783,0.456872995949186
644,0.4589051837033454,0.45805541376553727
645,0.45992900310356555,0.4591492804400411
646,0.4606476441332744,0.4601420739759625
647,0.46213426266529184,0.4610412694441128
648,0.4629599645078139,0.4618762007527341
649,0.4637241212809616,0.46257803094117045
650,0.46410183145729744,0.463285162810786
651,0.4646255071616985,0.46390608563782904
652,0.4650366086914015,0.46441770297745116
653,0.46534161309106,0.46487025768461554
654,0.4654760551620829,0.4652795592722128
655,0.4659502487955936,0.46558681235817695
656,0.4658369547909064,0.4658858408060617
657,0.46701946925727006,0.46610810136516356
658,0.4669028167658725,0.4662859135923871
659,0.46657944379767763,0.4663913861024337
660,0.46671732371103064,0.4665357194266086
661,0.4667871679472337,0.46671479492750384
662,0.46674305895475343,0.46692263219708713
663,0.4674453912260859,0.46706092627002715
664,0.46705802966748944,0.4671852951496266
665,0.4667690148656508,0.46722382560468484
666,0.46620759481239715,0.46728425265263845
667,0.4672016085540251,0.4674297902254038
668,0.4680277456044875,0.4676028650119551
669,0.468593614205833,0.4677806483636576
670,0.4680246598896944,0.46792510301333834
671,0.46770248798489755,0.468048606772016
672,0.4675974260831432,0.4682302077960818
673,0.46780922248517764,0.4684097857591151
674,0.46876250738915815,0.46866740436940024
675,0.46931344550930026,0.4688265357741715
676,0.46945391822277044,0.4688965164699683
677,0.4689098786999648,0.4689568391791636
678,0.4692979476062507,0.4690867477645492
679,0.4697820450284758,0.4693245635458604
680,0.4694626843111508,0.4695378746368986
681,0.4700718739666743,0.4697208638141638
682,0.46958857962559347,0.4698339335663218
683,0.4690774560414412,0.469832685430995
684,0.4694984548437616,0.4697654278944446
685,0.4699732886704777,0.4697703509510868
686,0.47126972470456646,0.46972196663148563
687,0.47079709244871537,0.46958864833003117
688,0.4705540601441548,0.4694900694628599
689,0.4704585536715289,0.46944659322098664
690,0.46929472347939816,0.4694596448826864
691,0.4684450551745145,0.4694839775776503
692,0.4689837245495989,0.4694068899005765
693,0.4685721828122322,0.4693738989859596
694,0.46778227050665916,0.46919083137404244
695,0.4679840013035829,0.4689981512661778
696,0.46941973033857415,0.4687893325254207
697,0.4697843545510897,0.46852161315572205
698,0.4694424464658995,0.4684253558653234
699,0.46834213968765465,0.4685284495225207
700,0.4694784249512251,0.4685660086049833
701,0.468523710525808,0.46850623970419575
702,0.4679068908307463,0.4685854474262001
703,0.467421779032799,0.4687108897016869
704,0.4664427631260491,0.4685620102926566
705,0.467850864123418,0.4683432267391355
706,0.46999146003247405,0.4682028457166803
707,0.4695471107865378,0.46811187806905163
708,0.4676756493004186,0.46783495189726676
709,0.4689703863367249,0.46764718763628293
710,0.469865635435884,0.4676096201441993
711,0.46718653920312,0.46764824774191127
712,0.46650260124827314,0.467810686165766
713,0.4673367311290726,0.4678631484502125
714,0.4669776249732238,0.4677031104519589
715,0.46532453237445215,0.46750913859911364
716,0.4657072466110505,0.4675404903978484
717,0.4673433784494921,0.4674171914513116
718,0.46800119299847864,0.46708584366598843
719,0.46887933948386934,0.4668629190499099
720,0.4686377983901152,0.46674274016576717
721,0.46759089005867055,0.46661779941509623
722,0.4666375329938598,0.46660231253888884
723,0.4681459262814399,0.4667736391283757
724,0.46712090213867236,0.46700478084596
725,0.4648954186560359,0.46701207979265913
726,0.4638426699619429,0.46690856186417
727,0.4646999179861315,0.46678510233455667
728,0.46546261986900866,0.4667716499652133
729,0.46674532183011347,0.46674471273881646
730,0.46789443121675467,0.4669254420131995
731,0.46917437237481496,0.4670551005251157
732,0.46745286264997854,0.4672672825864465
733,0.4664484240711422,0.4676931084704287
734,0.4670274465396697,0.4684099926092287
735,0.46843601284996383,0.46890838751154096
736,0.4671868316627189,0.4690643612233359
737,0.46934847210960573,0.4690988233235206
738,0.47009080396018166,0.4690058108974631
739,0.470303633058635,0.46862316499539985
740,0.471282806915769,0.46839476976848293
741,0.47459593204394257,0.4683418239645313
742,0.47217584152081554,0.46812758830815626
743,0.4678022255459327,0.46759908139003975
744,0.4672622533328844,0.46762852779913416
745,0.4664992448258922,0.4674962243906364
746,0.4634346838438664,0.46728000942650755
747,0.46402693424622465,0.4670051345508596
748,0.465654237011867,0.4665773673143686
749,0.46381391169404473,0.4656864156777493
750,0.4605084090782166,0.4648752374473661
